f0_,status,f1_
00h 00,denied,8
00h 00,approved,15
00h 01,refunded,1
00h 01,denied,6
00h 01,approved,9
00h 02,refunded,1
00h 02,echo,3
00h 02,denied,5
00h 02,approved,18
00h 03,denied,4
00h 03,refunded,1
00h 03,approved,11
00h 04,approved,16
00h 04,denied,9
00h 05,denied,5
00h 05,approved,8
00h 06,approved,5
00h 06,denied,2
00h 07,approved,11
00h 07,denied,4
00h 08,approved,16
00h 08,denied,1
00h 09,approved,13
00h 10,approved,9
00h 10,denied,2
00h 11,approved,6
00h 11,denied,1
00h 11,backend_reversed,1
00h 12,denied,1
00h 12,approved,13
00h 13,denied,4
00h 13,approved,8
00h 14,approved,13
00h 14,denied,2
00h 15,approved,6
00h 15,denied,1
00h 16,approved,6
00h 17,denied,4
00h 17,echo,3
00h 17,approved,8
00h 18,denied,4
00h 18,approved,8
00h 19,approved,9
00h 19,denied,4
00h 20,denied,5
00h 20,approved,9
00h 21,backend_reversed,1
00h 21,denied,4
00h 21,approved,7
00h 22,approved,10
00h 23,approved,6
00h 23,denied,2
00h 24,refunded,1
00h 24,approved,12
00h 24,denied,5
00h 25,denied,6
00h 25,refunded,1
00h 25,approved,7
00h 26,approved,9
00h 26,denied,3
00h 27,denied,5
00h 27,approved,10
00h 28,denied,3
00h 28,approved,7
00h 29,denied,2
00h 29,approved,9
00h 30,approved,7
00h 30,denied,5
00h 31,denied,1
00h 31,approved,11
00h 32,echo,3
00h 32,approved,10
00h 32,denied,5
00h 33,approved,7
00h 33,denied,2
00h 34,refunded,1
00h 34,denied,3
00h 34,approved,9
00h 35,approved,9
00h 36,denied,1
00h 36,approved,6
00h 37,denied,1
00h 37,approved,10
00h 38,approved,10
00h 38,reversed,1
00h 39,approved,9
00h 39,denied,2
00h 40,approved,6
00h 40,denied,2
00h 41,denied,1
00h 41,approved,6
00h 42,approved,10
00h 42,denied,3
00h 43,approved,3
00h 43,denied,3
00h 44,denied,2
00h 44,approved,9
00h 45,denied,2
00h 45,approved,6
00h 46,denied,4
00h 46,approved,4
00h 47,approved,9
00h 47,denied,2
00h 48,denied,2
00h 48,echo,3
00h 48,approved,12
00h 49,denied,2
00h 49,approved,1
00h 50,approved,10
00h 50,denied,1
00h 51,denied,3
00h 51,approved,5
00h 52,approved,5
00h 52,denied,4
00h 53,approved,6
00h 53,denied,3
00h 54,denied,2
00h 54,approved,4
00h 55,denied,4
00h 55,approved,6
00h 55,reversed,1
00h 56,denied,4
00h 56,approved,6
00h 57,approved,5
00h 57,denied,6
00h 58,approved,5
00h 58,denied,2
00h 59,approved,4
00h 59,denied,5
01h 00,approved,4
01h 00,denied,4
01h 01,approved,4
01h 01,denied,2
01h 02,denied,1
01h 02,approved,3
01h 02,echo,3
01h 03,denied,4
01h 03,approved,7
01h 04,denied,1
01h 05,denied,5
01h 06,denied,1
01h 06,approved,4
01h 07,reversed,1
01h 07,approved,3
01h 08,approved,6
01h 09,approved,7
01h 09,denied,1
01h 10,approved,3
01h 10,denied,2
01h 11,approved,3
01h 11,denied,1
01h 12,approved,2
01h 13,approved,7
01h 13,denied,2
01h 14,denied,2
01h 14,approved,2
01h 15,approved,4
01h 15,denied,2
01h 16,approved,8
01h 16,denied,4
01h 17,approved,10
01h 17,echo,3
01h 17,denied,1
01h 18,denied,2
01h 18,approved,5
01h 19,reversed,1
01h 19,approved,2
01h 19,denied,4
01h 20,approved,1
01h 20,denied,3
01h 21,denied,1
01h 21,approved,3
01h 22,approved,3
01h 22,denied,1
01h 23,approved,3
01h 23,denied,3
01h 24,denied,1
01h 24,approved,10
01h 25,approved,3
01h 26,approved,3
01h 26,denied,2
01h 27,approved,2
01h 27,denied,2
01h 28,approved,1
01h 28,denied,1
01h 29,denied,1
01h 29,approved,2
01h 30,approved,6
01h 31,denied,1
01h 31,approved,4
01h 32,denied,2
01h 32,approved,2
01h 33,echo,3
01h 33,approved,6
01h 34,approved,1
01h 34,denied,1
01h 35,denied,2
01h 35,approved,2
01h 36,denied,1
01h 36,approved,3
01h 37,approved,2
01h 37,denied,1
01h 38,approved,4
01h 38,denied,1
01h 39,denied,2
01h 40,denied,1
01h 40,approved,2
01h 41,approved,4
01h 42,approved,1
01h 42,denied,2
01h 43,approved,4
01h 43,denied,2
01h 44,approved,3
01h 45,denied,1
01h 45,approved,2
01h 46,approved,4
01h 47,approved,1
01h 47,echo,3
01h 48,approved,2
01h 49,denied,1
01h 49,approved,4
01h 50,approved,1
01h 50,refunded,1
01h 51,denied,1
01h 52,denied,1
01h 52,approved,2
01h 53,denied,4
01h 53,approved,2
01h 54,approved,3
01h 55,approved,1
01h 55,denied,2
01h 56,approved,5
01h 56,denied,2
01h 57,denied,2
01h 57,approved,2
01h 58,approved,2
01h 58,denied,6
01h 59,approved,3
01h 59,denied,4
02h 00,denied,1
02h 00,approved,2
02h 00,reversed,1
02h 01,approved,2
02h 02,approved,4
02h 02,echo,3
02h 03,approved,5
02h 04,approved,1
02h 04,denied,1
02h 05,approved,5
02h 05,denied,2
02h 06,approved,3
02h 07,approved,3
02h 08,approved,3
02h 09,approved,3
02h 09,denied,2
02h 10,denied,1
02h 11,approved,1
02h 12,approved,1
02h 12,denied,1
02h 13,denied,2
02h 14,approved,6
02h 14,denied,1
02h 16,approved,3
02h 17,echo,3
02h 18,approved,1
02h 19,approved,2
02h 20,approved,4
02h 21,approved,1
02h 22,approved,1
02h 23,approved,4
02h 26,denied,3
02h 26,approved,4
02h 28,denied,3
02h 28,approved,2
02h 29,approved,3
02h 29,denied,1
02h 30,approved,3
02h 31,approved,1
02h 32,approved,1
02h 33,approved,1
02h 33,echo,3
02h 34,approved,3
02h 35,approved,1
02h 37,approved,1
02h 37,denied,1
02h 38,denied,1
02h 38,approved,1
02h 39,denied,1
02h 39,approved,3
02h 40,approved,1
02h 41,approved,1
02h 43,approved,2
02h 47,approved,1
02h 48,approved,4
02h 48,echo,3
02h 49,approved,3
02h 50,approved,1
02h 51,approved,1
02h 52,approved,1
02h 53,approved,2
02h 55,denied,1
02h 58,approved,1
03h 02,approved,3
03h 02,echo,3
03h 02,reversed,1
03h 03,approved,1
03h 05,approved,1
03h 06,approved,1
03h 08,approved,2
03h 09,denied,1
03h 09,approved,1
03h 11,approved,1
03h 15,denied,2
03h 16,approved,1
03h 17,echo,3
03h 17,approved,2
03h 18,approved,2
03h 20,approved,3
03h 23,approved,3
03h 24,approved,1
03h 25,approved,2
03h 29,approved,1
03h 33,echo,3
03h 37,backend_reversed,1
03h 37,denied,3
03h 37,approved,2
03h 38,denied,1
03h 38,approved,2
03h 41,approved,1
03h 42,approved,2
03h 43,denied,1
03h 44,denied,1
03h 44,approved,2
03h 48,approved,2
03h 48,echo,3
03h 49,approved,1
03h 50,approved,1
03h 51,approved,1
03h 52,approved,1
03h 54,approved,1
03h 55,denied,1
03h 56,approved,1
03h 58,denied,1
03h 59,denied,1
04h 00,approved,1
04h 02,echo,3
04h 03,approved,2
04h 04,approved,1
04h 05,approved,2
04h 07,approved,1
04h 08,denied,3
04h 10,approved,3
04h 11,approved,1
04h 12,approved,1
04h 13,approved,1
04h 14,approved,1
04h 15,approved,2
04h 16,approved,2
04h 17,echo,3
04h 17,approved,2
04h 18,approved,2
04h 18,denied,1
04h 19,approved,6
04h 21,denied,1
04h 21,approved,1
04h 22,denied,1
04h 22,approved,1
04h 23,approved,3
04h 24,approved,1
04h 26,approved,1
04h 28,approved,1
04h 30,approved,1
04h 33,echo,3
04h 34,approved,1
04h 39,approved,3
04h 39,denied,1
04h 41,approved,1
04h 42,approved,2
04h 43,approved,1
04h 44,approved,1
04h 45,approved,1
04h 46,approved,1
04h 46,denied,2
04h 47,approved,1
04h 48,approved,2
04h 49,echo,3
04h 51,approved,2
04h 52,denied,1
04h 55,approved,1
04h 56,approved,2
04h 56,denied,1
04h 57,approved,2
04h 59,approved,1
05h 00,approved,3
05h 01,denied,1
05h 02,denied,2
05h 02,approved,2
05h 03,echo,3
05h 03,approved,1
05h 04,approved,2
05h 04,denied,2
05h 07,approved,3
05h 09,approved,2
05h 10,approved,2
05h 12,approved,3
05h 13,approved,1
05h 13,backend_reversed,1
05h 14,approved,1
05h 15,denied,1
05h 16,approved,3
05h 17,denied,1
05h 17,approved,3
05h 18,echo,3
05h 19,approved,1
05h 20,approved,1
05h 20,denied,2
05h 22,approved,2
05h 23,approved,1
05h 24,approved,1
05h 25,denied,1
05h 25,approved,1
05h 26,denied,1
05h 26,approved,2
05h 27,approved,5
05h 28,approved,2
05h 29,approved,1
05h 30,denied,2
05h 31,approved,1
05h 32,approved,3
05h 33,approved,3
05h 34,approved,4
05h 34,echo,3
05h 34,denied,1
05h 35,denied,1
05h 35,approved,1
05h 36,approved,1
05h 37,approved,6
05h 38,approved,8
05h 39,approved,3
05h 39,denied,1
05h 40,approved,4
05h 40,denied,1
05h 41,approved,4
05h 41,denied,1
05h 42,approved,4
05h 43,approved,3
05h 43,denied,2
05h 44,approved,7
05h 45,approved,3
05h 46,approved,3
05h 47,approved,4
05h 48,approved,4
05h 48,echo,3
05h 48,denied,1
05h 49,approved,5
05h 49,denied,1
05h 50,approved,11
05h 50,denied,3
05h 51,approved,6
05h 52,approved,8
05h 52,denied,1
05h 53,approved,8
05h 54,denied,2
05h 54,approved,6
05h 55,approved,8
05h 56,approved,4
05h 57,approved,11
05h 57,denied,2
05h 58,approved,8
05h 58,denied,1
05h 59,denied,2
05h 59,approved,6
06h 00,approved,7
06h 01,denied,1
06h 01,approved,12
06h 02,approved,6
06h 02,denied,2
06h 03,approved,7
06h 03,echo,3
06h 03,denied,4
06h 04,approved,8
06h 04,denied,1
06h 05,approved,10
06h 06,denied,1
06h 06,approved,4
06h 07,approved,16
06h 08,approved,11
06h 08,backend_reversed,1
06h 09,approved,16
06h 09,reversed,1
06h 10,approved,9
06h 10,denied,1
06h 11,approved,12
06h 11,denied,2
06h 12,denied,1
06h 12,approved,14
06h 13,approved,11
06h 13,denied,2
06h 14,denied,2
06h 14,approved,16
06h 15,approved,14
06h 15,denied,2
06h 16,approved,12
06h 17,denied,1
06h 17,approved,16
06h 18,echo,3
06h 18,approved,9
06h 18,denied,2
06h 19,approved,13
06h 19,denied,3
06h 20,reversed,1
06h 20,denied,2
06h 20,approved,15
06h 21,approved,22
06h 21,denied,5
06h 22,denied,1
06h 22,reversed,1
06h 22,approved,11
06h 23,denied,4
06h 23,approved,13
06h 24,denied,3
06h 24,approved,18
06h 25,denied,1
06h 25,approved,18
06h 26,approved,19
06h 26,denied,3
06h 27,approved,18
06h 28,approved,18
06h 28,denied,1
06h 29,approved,21
06h 29,denied,3
06h 30,approved,22
06h 30,denied,2
06h 31,approved,21
06h 31,denied,4
06h 32,denied,2
06h 32,approved,19
06h 33,denied,5
06h 33,approved,25
06h 33,echo,3
06h 34,denied,4
06h 34,approved,25
06h 35,approved,24
06h 35,denied,3
06h 36,approved,17
06h 36,denied,1
06h 37,approved,22
06h 37,denied,3
06h 38,approved,27
06h 38,denied,2
06h 39,approved,33
06h 40,denied,3
06h 40,approved,37
06h 41,denied,1
06h 41,approved,27
06h 42,approved,38
06h 42,denied,4
06h 43,denied,2
06h 43,approved,31
06h 43,reversed,1
06h 44,denied,2
06h 44,approved,23
06h 45,denied,4
06h 45,approved,38
06h 45,reversed,1
06h 46,approved,32
06h 46,denied,5
06h 46,refunded,1
06h 47,reversed,1
06h 47,denied,2
06h 47,approved,27
06h 48,approved,30
06h 48,denied,6
06h 48,echo,3
06h 49,reversed,1
06h 49,approved,33
06h 49,denied,4
06h 50,denied,3
06h 50,reversed,1
06h 50,approved,37
06h 51,approved,32
06h 51,denied,6
06h 52,approved,31
06h 52,denied,4
06h 53,approved,36
06h 53,denied,4
06h 54,denied,8
06h 54,approved,38
06h 55,denied,5
06h 55,approved,37
06h 56,approved,37
06h 56,denied,9
06h 57,denied,3
06h 57,approved,49
06h 58,denied,6
06h 58,approved,40
06h 59,denied,5
06h 59,approved,32
06h 59,reversed,1
07h 00,approved,52
07h 00,denied,4
07h 01,approved,45
07h 01,denied,7
07h 02,approved,34
07h 02,denied,6
07h 03,approved,51
07h 03,echo,3
07h 03,denied,5
07h 04,reversed,1
07h 04,denied,6
07h 04,approved,43
07h 05,approved,51
07h 05,denied,3
07h 06,approved,55
07h 06,denied,3
07h 07,denied,11
07h 07,approved,53
07h 08,denied,7
07h 08,approved,59
07h 09,denied,8
07h 09,approved,43
07h 10,backend_reversed,1
07h 10,approved,50
07h 10,denied,1
07h 11,denied,15
07h 11,approved,49
07h 12,denied,11
07h 12,approved,65
07h 13,denied,7
07h 13,refunded,1
07h 13,approved,52
07h 14,approved,53
07h 14,denied,7
07h 14,reversed,2
07h 15,approved,55
07h 15,denied,5
07h 16,approved,53
07h 16,denied,5
07h 17,approved,54
07h 17,denied,4
07h 18,reversed,2
07h 18,approved,57
07h 18,denied,4
07h 18,echo,3
07h 19,denied,4
07h 19,approved,69
07h 20,denied,2
07h 20,approved,64
07h 21,reversed,1
07h 21,approved,51
07h 21,denied,10
07h 22,approved,53
07h 22,denied,7
07h 23,approved,68
07h 23,denied,10
07h 24,approved,66
07h 24,denied,16
07h 25,approved,59
07h 25,reversed,1
07h 25,denied,8
07h 26,approved,83
07h 26,denied,13
07h 27,denied,7
07h 27,approved,63
07h 28,backend_reversed,2
07h 28,approved,71
07h 28,denied,7
07h 29,approved,71
07h 29,denied,6
07h 30,denied,10
07h 30,approved,69
07h 31,denied,7
07h 31,approved,72
07h 32,refunded,2
07h 32,approved,78
07h 32,denied,9
07h 33,reversed,1
07h 33,echo,3
07h 33,approved,79
07h 33,denied,7
07h 33,refunded,1
07h 34,approved,69
07h 34,reversed,1
07h 34,denied,11
07h 35,approved,80
07h 35,denied,13
07h 35,reversed,1
07h 36,denied,13
07h 36,approved,58
07h 37,approved,77
07h 37,denied,11
07h 38,reversed,1
07h 38,denied,8
07h 38,approved,79
07h 39,denied,3
07h 39,reversed,1
07h 39,approved,80
07h 40,approved,81
07h 40,denied,10
07h 41,denied,8
07h 41,approved,76
07h 42,denied,4
07h 42,approved,85
07h 43,approved,80
07h 43,denied,13
07h 43,reversed,1
07h 44,denied,8
07h 44,approved,79
07h 45,denied,12
07h 45,refunded,1
07h 45,approved,82
07h 46,approved,81
07h 46,denied,8
07h 47,denied,8
07h 47,approved,104
07h 48,echo,3
07h 48,denied,11
07h 48,approved,67
07h 49,approved,93
07h 49,denied,12
07h 50,approved,87
07h 50,denied,11
07h 50,refunded,1
07h 51,approved,65
07h 51,denied,13
07h 52,approved,91
07h 52,denied,17
07h 53,approved,93
07h 53,denied,6
07h 54,denied,9
07h 54,backend_reversed,1
07h 54,approved,106
07h 55,denied,15
07h 55,reversed,1
07h 55,approved,99
07h 56,approved,85
07h 56,denied,20
07h 57,denied,18
07h 57,approved,98
07h 58,reversed,2
07h 58,denied,15
07h 58,approved,113
07h 59,refunded,1
07h 59,approved,102
07h 59,denied,12
08h 00,approved,99
08h 00,reversed,1
08h 00,denied,22
08h 01,approved,113
08h 01,denied,10
08h 02,denied,13
08h 02,refunded,1
08h 02,approved,97
08h 03,denied,7
08h 03,echo,3
08h 03,approved,117
08h 04,denied,10
08h 04,approved,99
08h 04,refunded,1
08h 05,refunded,1
08h 05,denied,19
08h 05,approved,110
08h 06,denied,15
08h 06,approved,120
08h 06,backend_reversed,2
08h 06,reversed,1
08h 07,reversed,1
08h 07,backend_reversed,1
08h 07,approved,132
08h 07,denied,17
08h 08,approved,103
08h 08,reversed,1
08h 08,denied,20
08h 09,refunded,1
08h 09,approved,143
08h 09,denied,11
08h 10,backend_reversed,1
08h 10,approved,142
08h 10,denied,18
08h 10,reversed,1
08h 10,refunded,1
08h 11,refunded,1
08h 11,denied,15
08h 11,approved,134
08h 12,approved,152
08h 12,denied,22
08h 12,refunded,2
08h 13,approved,132
08h 13,denied,20
08h 13,refunded,1
08h 14,denied,23
08h 14,approved,148
08h 14,reversed,1
08h 15,approved,150
08h 15,reversed,1
08h 15,denied,15
08h 16,approved,141
08h 16,denied,13
08h 17,denied,22
08h 17,approved,150
08h 17,echo,3
08h 18,refunded,1
08h 18,denied,14
08h 18,approved,154
08h 19,denied,15
08h 19,approved,137
08h 20,approved,139
08h 20,denied,25
08h 20,reversed,3
08h 20,refunded,1
08h 21,refunded,2
08h 21,reversed,1
08h 21,denied,15
08h 21,approved,145
08h 22,approved,182
08h 22,reversed,1
08h 22,refunded,1
08h 22,denied,15
08h 23,approved,163
08h 23,denied,13
08h 23,refunded,1
08h 23,reversed,2
08h 24,approved,183
08h 24,refunded,2
08h 24,denied,17
08h 25,denied,23
08h 25,refunded,1
08h 25,reversed,1
08h 25,approved,151
08h 26,refunded,1
08h 26,denied,10
08h 26,approved,164
08h 27,denied,13
08h 27,reversed,2
08h 27,approved,147
08h 28,approved,153
08h 28,denied,21
08h 28,refunded,1
08h 29,approved,171
08h 29,denied,20
08h 29,refunded,2
08h 30,refunded,1
08h 30,denied,20
08h 30,approved,179
08h 30,reversed,3
08h 31,approved,198
08h 31,denied,25
08h 31,refunded,1
08h 32,denied,19
08h 32,reversed,1
08h 32,approved,206
08h 33,echo,3
08h 33,approved,181
08h 33,denied,21
08h 33,reversed,3
08h 34,denied,22
08h 34,reversed,3
08h 34,approved,173
08h 35,reversed,1
08h 35,denied,21
08h 35,approved,173
08h 36,denied,13
08h 36,approved,176
08h 36,reversed,1
08h 37,reversed,1
08h 37,denied,14
08h 37,approved,207
08h 38,approved,221
08h 38,denied,24
08h 38,backend_reversed,1
08h 38,reversed,1
08h 39,approved,173
08h 39,refunded,1
08h 39,denied,23
08h 39,reversed,1
08h 40,reversed,1
08h 40,denied,18
08h 40,approved,192
08h 40,refunded,1
08h 41,refunded,1
08h 41,reversed,2
08h 41,approved,189
08h 41,denied,22
08h 42,approved,215
08h 42,reversed,1
08h 42,denied,26
08h 43,approved,204
08h 43,denied,21
08h 44,approved,207
08h 44,backend_reversed,1
08h 44,denied,18
08h 45,denied,29
08h 45,approved,192
08h 45,reversed,1
08h 46,denied,25
08h 46,reversed,3
08h 46,approved,195
08h 47,refunded,1
08h 47,denied,26
08h 47,approved,213
08h 48,approved,229
08h 48,denied,25
08h 48,refunded,2
08h 48,echo,3
08h 48,reversed,1
08h 49,echo,3
08h 49,refunded,1
08h 49,approved,214
08h 49,denied,30
08h 50,denied,25
08h 50,approved,222
08h 50,reversed,3
08h 50,refunded,1
08h 51,refunded,2
08h 51,approved,231
08h 51,denied,29
08h 52,reversed,4
08h 52,backend_reversed,1
08h 52,approved,199
08h 52,denied,34
08h 53,reversed,2
08h 53,denied,24
08h 53,approved,246
08h 53,refunded,1
08h 54,denied,38
08h 54,approved,227
08h 55,approved,223
08h 55,echo,3
08h 55,reversed,1
08h 55,refunded,1
08h 55,denied,22
08h 56,approved,220
08h 56,denied,16
08h 56,refunded,1
08h 57,denied,21
08h 57,approved,219
08h 58,denied,20
08h 58,approved,226
08h 58,reversed,1
08h 59,approved,232
08h 59,denied,22
09h 00,approved,241
09h 00,denied,26
09h 01,approved,242
09h 01,denied,25
09h 02,approved,223
09h 02,denied,20
09h 02,reversed,1
09h 02,refunded,2
09h 03,reversed,1
09h 03,approved,255
09h 03,denied,25
09h 04,denied,27
09h 04,reversed,2
09h 04,approved,244
09h 05,denied,31
09h 05,refunded,2
09h 05,approved,247
09h 05,reversed,2
09h 06,denied,32
09h 06,approved,274
09h 07,reversed,2
09h 07,approved,256
09h 07,refunded,1
09h 07,denied,24
09h 08,approved,253
09h 08,reversed,1
09h 08,denied,37
09h 09,denied,21
09h 09,reversed,1
09h 09,approved,242
09h 10,approved,281
09h 10,denied,25
09h 11,denied,26
09h 11,reversed,1
09h 11,refunded,2
09h 11,echo,3
09h 11,approved,220
09h 12,approved,246
09h 12,denied,27
09h 12,reversed,1
09h 13,denied,35
09h 13,reversed,2
09h 13,approved,270
09h 14,approved,272
09h 14,denied,33
09h 15,reversed,1
09h 15,denied,39
09h 15,approved,249
09h 16,denied,37
09h 16,approved,276
09h 16,reversed,2
09h 17,approved,271
09h 17,denied,44
09h 18,reversed,1
09h 18,denied,25
09h 18,approved,297
09h 19,refunded,2
09h 19,approved,284
09h 19,reversed,2
09h 19,denied,25
09h 20,denied,30
09h 20,approved,282
09h 20,reversed,1
09h 21,denied,36
09h 21,approved,323
09h 21,reversed,1
09h 22,refunded,1
09h 22,approved,287
09h 22,denied,24
09h 23,reversed,1
09h 23,denied,41
09h 23,approved,292
09h 24,refunded,1
09h 24,reversed,1
09h 24,denied,30
09h 24,approved,282
09h 25,reversed,3
09h 25,approved,284
09h 25,denied,28
09h 25,echo,3
09h 26,reversed,2
09h 26,approved,306
09h 26,denied,26
09h 27,approved,312
09h 27,denied,37
09h 28,approved,291
09h 28,reversed,3
09h 28,denied,32
09h 29,approved,296
09h 29,denied,34
09h 29,reversed,3
09h 30,approved,310
09h 30,denied,42
09h 31,approved,272
09h 31,reversed,1
09h 31,refunded,1
09h 31,denied,41
09h 32,approved,308
09h 32,reversed,2
09h 32,denied,41
09h 33,denied,54
09h 33,approved,291
09h 33,refunded,2
09h 33,reversed,1
09h 34,approved,317
09h 34,denied,33
09h 34,reversed,2
09h 34,refunded,2
09h 35,backend_reversed,1
09h 35,approved,279
09h 35,denied,44
09h 36,reversed,2
09h 36,approved,323
09h 36,denied,51
09h 37,approved,311
09h 37,denied,43
09h 37,reversed,2
09h 38,refunded,2
09h 38,backend_reversed,1
09h 38,approved,299
09h 38,reversed,1
09h 38,denied,43
09h 39,denied,38
09h 39,reversed,4
09h 39,approved,334
09h 40,approved,336
09h 40,denied,28
09h 40,echo,3
09h 40,reversed,2
09h 41,refunded,3
09h 41,denied,24
09h 41,approved,311
09h 41,reversed,2
09h 42,approved,342
09h 42,denied,46
09h 42,refunded,3
09h 43,reversed,1
09h 43,refunded,1
09h 43,denied,31
09h 43,approved,318
09h 44,refunded,1
09h 44,reversed,3
09h 44,approved,291
09h 44,denied,37
09h 45,approved,322
09h 45,reversed,3
09h 45,backend_reversed,1
09h 45,denied,45
09h 45,refunded,2
09h 46,denied,27
09h 46,approved,317
09h 46,reversed,2
09h 47,denied,44
09h 47,reversed,3
09h 47,approved,340
09h 48,approved,345
09h 48,denied,38
09h 48,reversed,4
09h 48,refunded,2
09h 49,approved,300
09h 49,refunded,5
09h 49,denied,31
09h 49,reversed,3
09h 50,refunded,3
09h 50,denied,39
09h 50,reversed,1
09h 50,approved,330
09h 51,reversed,2
09h 51,denied,36
09h 51,refunded,1
09h 51,approved,330
09h 52,reversed,1
09h 52,approved,325
09h 52,denied,33
09h 52,refunded,1
09h 53,denied,29
09h 53,reversed,1
09h 53,approved,364
09h 54,reversed,2
09h 54,denied,34
09h 54,approved,330
09h 54,backend_reversed,1
09h 55,echo,3
09h 55,denied,40
09h 55,approved,330
09h 55,reversed,1
09h 56,refunded,2
09h 56,approved,399
09h 56,denied,26
09h 57,denied,45
09h 57,approved,319
09h 57,reversed,1
09h 58,denied,37
09h 58,refunded,2
09h 58,approved,348
09h 59,denied,33
09h 59,refunded,1
09h 59,approved,347
09h 59,reversed,1
10h 00,denied,34
10h 00,approved,345
10h 00,reversed,1
10h 00,refunded,2
10h 01,denied,28
10h 01,approved,332
10h 01,reversed,2
10h 02,approved,344
10h 02,reversed,4
10h 02,refunded,1
10h 02,denied,30
10h 03,backend_reversed,1
10h 03,approved,330
10h 03,refunded,1
10h 03,denied,46
10h 03,reversed,2
10h 04,refunded,1
10h 04,backend_reversed,2
10h 04,reversed,3
10h 04,approved,358
10h 04,denied,48
10h 05,denied,36
10h 05,reversed,5
10h 05,refunded,1
10h 05,approved,342
10h 06,denied,35
10h 06,approved,320
10h 06,refunded,1
10h 06,reversed,1
10h 07,approved,341
10h 07,denied,42
10h 07,reversed,1
10h 08,refunded,2
10h 08,backend_reversed,1
10h 08,denied,46
10h 08,reversed,4
10h 08,approved,347
10h 09,denied,37
10h 09,reversed,6
10h 09,backend_reversed,1
10h 09,approved,325
10h 10,refunded,2
10h 10,reversed,2
10h 10,backend_reversed,1
10h 10,approved,378
10h 10,echo,3
10h 10,denied,38
10h 11,denied,32
10h 11,approved,333
10h 12,approved,352
10h 12,reversed,1
10h 12,denied,30
10h 13,denied,50
10h 13,approved,329
10h 13,refunded,1
10h 13,reversed,2
10h 14,denied,37
10h 14,reversed,3
10h 14,refunded,2
10h 14,approved,370
10h 15,refunded,1
10h 15,backend_reversed,2
10h 15,approved,367
10h 15,denied,40
10h 16,reversed,1
10h 16,refunded,1
10h 16,approved,336
10h 16,denied,40
10h 17,approved,331
10h 17,reversed,3
10h 17,denied,35
10h 17,refunded,2
10h 18,reversed,3
10h 18,refunded,1
10h 18,approved,352
10h 18,denied,51
10h 19,reversed,3
10h 19,refunded,2
10h 19,approved,344
10h 19,denied,51
10h 20,refunded,1
10h 20,approved,341
10h 20,denied,55
10h 20,reversed,3
10h 21,approved,348
10h 21,denied,51
10h 21,reversed,4
10h 21,refunded,1
10h 22,approved,339
10h 22,denied,42
10h 22,refunded,2
10h 22,reversed,4
10h 23,denied,41
10h 23,approved,356
10h 23,refunded,1
10h 23,reversed,2
10h 24,denied,33
10h 24,refunded,1
10h 24,approved,354
10h 25,reversed,1
10h 25,denied,44
10h 25,refunded,1
10h 25,echo,3
10h 25,approved,362
10h 26,reversed,1
10h 26,approved,372
10h 26,denied,53
10h 26,refunded,2
10h 26,echo,3
10h 27,denied,47
10h 27,approved,339
10h 28,reversed,2
10h 28,backend_reversed,2
10h 28,denied,46
10h 28,approved,380
10h 29,refunded,1
10h 29,denied,61
10h 29,reversed,1
10h 29,approved,351
10h 30,approved,331
10h 30,refunded,1
10h 30,denied,49
10h 30,reversed,1
10h 31,reversed,2
10h 31,denied,52
10h 31,refunded,2
10h 31,approved,370
10h 32,denied,35
10h 32,reversed,1
10h 32,approved,361
10h 32,backend_reversed,1
10h 33,denied,42
10h 33,reversed,2
10h 33,approved,370
10h 33,refunded,1
10h 33,backend_reversed,1
10h 34,approved,386
10h 34,reversed,2
10h 34,backend_reversed,1
10h 34,denied,37
10h 34,refunded,2
10h 35,denied,42
10h 35,approved,347
10h 35,reversed,1
10h 36,approved,373
10h 36,refunded,1
10h 36,reversed,2
10h 36,denied,33
10h 37,approved,376
10h 37,reversed,4
10h 37,echo,3
10h 37,denied,53
10h 37,refunded,1
10h 38,approved,360
10h 38,denied,34
10h 39,approved,345
10h 39,backend_reversed,1
10h 39,reversed,3
10h 39,denied,38
10h 40,approved,361
10h 40,refunded,1
10h 40,denied,31
10h 40,backend_reversed,3
10h 41,reversed,2
10h 41,denied,26
10h 41,approved,370
10h 42,reversed,4
10h 42,denied,45
10h 42,approved,332
10h 42,backend_reversed,2
10h 42,refunded,2
10h 43,refunded,1
10h 43,denied,41
10h 43,approved,393
10h 43,backend_reversed,1
10h 44,approved,349
10h 44,reversed,4
10h 44,denied,41
10h 45,reversed,1
10h 45,approved,362
10h 45,denied,34
10h 45,backend_reversed,1
10h 46,approved,341
10h 46,reversed,4
10h 46,denied,38
10h 47,denied,44
10h 47,refunded,1
10h 47,reversed,3
10h 47,approved,369
10h 48,denied,44
10h 48,approved,385
10h 49,approved,343
10h 49,reversed,3
10h 49,denied,32
10h 49,refunded,3
10h 50,denied,36
10h 50,approved,381
10h 50,reversed,2
10h 51,denied,55
10h 51,reversed,1
10h 51,refunded,2
10h 51,approved,369
10h 52,approved,348
10h 52,reversed,2
10h 52,denied,50
10h 52,refunded,2
10h 53,denied,49
10h 53,approved,367
10h 53,echo,3
10h 53,reversed,2
10h 54,denied,41
10h 54,reversed,6
10h 54,approved,394
10h 54,refunded,2
10h 55,approved,408
10h 55,refunded,1
10h 55,denied,41
10h 55,reversed,3
10h 56,approved,373
10h 56,denied,46
10h 56,reversed,1
10h 57,refunded,1
10h 57,denied,38
10h 57,approved,372
10h 57,reversed,2
10h 57,backend_reversed,1
10h 58,reversed,3
10h 58,denied,32
10h 58,approved,360
10h 58,refunded,3
10h 59,reversed,3
10h 59,denied,42
10h 59,backend_reversed,1
10h 59,approved,404
10h 59,refunded,1
11h 00,denied,36
11h 00,backend_reversed,2
11h 00,reversed,3
11h 00,refunded,1
11h 00,approved,367
11h 01,reversed,1
11h 01,refunded,3
11h 01,approved,373
11h 01,denied,45
11h 02,denied,47
11h 02,refunded,1
11h 02,approved,416
11h 02,reversed,2
11h 03,refunded,1
11h 03,reversed,8
11h 03,denied,35
11h 03,approved,374
11h 04,denied,46
11h 04,approved,409
11h 04,reversed,3
11h 05,reversed,3
11h 05,backend_reversed,1
11h 05,approved,400
11h 05,denied,37
11h 06,denied,53
11h 06,reversed,4
11h 06,approved,385
11h 07,echo,3
11h 07,denied,43
11h 07,reversed,6
11h 07,approved,360
11h 08,denied,35
11h 08,reversed,4
11h 08,approved,348
11h 08,refunded,3
11h 09,approved,360
11h 09,denied,46
11h 10,refunded,1
11h 10,denied,48
11h 10,reversed,2
11h 10,approved,385
11h 11,denied,49
11h 11,refunded,1
11h 11,approved,410
11h 11,backend_reversed,1
11h 12,denied,54
11h 12,reversed,2
11h 12,approved,392
11h 13,approved,416
11h 13,backend_reversed,2
11h 13,denied,32
11h 13,reversed,3
11h 13,refunded,1
11h 14,denied,47
11h 14,refunded,1
11h 14,backend_reversed,2
11h 14,approved,379
11h 14,reversed,3
11h 15,denied,48
11h 15,reversed,3
11h 15,approved,357
11h 15,backend_reversed,6
11h 16,backend_reversed,2
11h 16,refunded,1
11h 16,approved,408
11h 16,reversed,5
11h 16,denied,48
11h 17,denied,41
11h 17,approved,380
11h 17,backend_reversed,5
11h 17,refunded,1
11h 18,refunded,2
11h 18,reversed,3
11h 18,denied,50
11h 18,backend_reversed,4
11h 18,approved,369
11h 19,reversed,2
11h 19,approved,377
11h 19,denied,42
11h 20,refunded,2
11h 20,approved,392
11h 20,reversed,2
11h 20,denied,36
11h 21,refunded,1
11h 21,backend_reversed,2
11h 21,reversed,3
11h 21,approved,346
11h 21,denied,42
11h 22,approved,367
11h 22,denied,47
11h 22,refunded,2
11h 22,reversed,3
11h 22,echo,3
11h 23,approved,344
11h 23,denied,51
11h 23,refunded,1
11h 23,reversed,2
11h 24,backend_reversed,1
11h 24,approved,386
11h 24,denied,41
11h 24,reversed,3
11h 25,denied,49
11h 25,reversed,2
11h 25,approved,388
11h 25,refunded,2
11h 26,approved,360
11h 26,processing,3
11h 26,denied,36
11h 26,reversed,4
11h 26,refunded,1
11h 27,denied,41
11h 27,approved,429
11h 27,reversed,4
11h 28,denied,48
11h 28,approved,360
11h 28,reversed,3
11h 29,approved,354
11h 29,reversed,5
11h 29,refunded,1
11h 29,backend_reversed,1
11h 29,denied,39
11h 30,denied,38
11h 30,reversed,3
11h 30,backend_reversed,1
11h 30,approved,375
11h 30,refunded,1
11h 31,reversed,1
11h 31,approved,384
11h 31,refunded,1
11h 31,denied,39
11h 32,approved,358
11h 32,denied,47
11h 32,reversed,2
11h 32,refunded,2
11h 33,denied,45
11h 33,approved,369
11h 34,refunded,3
11h 34,reversed,1
11h 34,approved,390
11h 34,denied,43
11h 35,denied,48
11h 35,reversed,3
11h 35,backend_reversed,1
11h 35,approved,372
11h 35,refunded,1
11h 36,denied,50
11h 36,approved,414
11h 36,reversed,3
11h 37,reversed,1
11h 37,denied,29
11h 37,echo,3
11h 37,approved,407
11h 38,approved,392
11h 38,denied,38
11h 38,reversed,2
11h 39,approved,379
11h 39,denied,33
11h 39,reversed,1
11h 39,refunded,2
11h 40,approved,349
11h 40,denied,40
11h 41,refunded,2
11h 41,reversed,4
11h 41,denied,43
11h 41,approved,365
11h 41,backend_reversed,1
11h 42,backend_reversed,1
11h 42,denied,42
11h 42,refunded,2
11h 42,approved,369
11h 43,denied,40
11h 43,reversed,2
11h 43,approved,350
11h 44,denied,42
11h 44,reversed,4
11h 44,approved,402
11h 44,refunded,3
11h 44,backend_reversed,1
11h 45,reversed,1
11h 45,refunded,2
11h 45,approved,395
11h 45,denied,35
11h 46,denied,43
11h 46,approved,403
11h 46,refunded,2
11h 46,reversed,2
11h 47,backend_reversed,1
11h 47,refunded,1
11h 47,denied,44
11h 47,approved,362
11h 47,reversed,2
11h 48,backend_reversed,1
11h 48,reversed,1
11h 48,denied,39
11h 48,approved,391
11h 49,approved,360
11h 49,reversed,3
11h 49,denied,46
11h 50,denied,46
11h 50,reversed,3
11h 50,refunded,1
11h 50,approved,377
11h 50,backend_reversed,1
11h 51,denied,43
11h 51,approved,344
11h 51,reversed,3
11h 52,approved,366
11h 52,denied,56
11h 52,reversed,1
11h 52,refunded,2
11h 53,reversed,1
11h 53,echo,3
11h 53,approved,376
11h 53,denied,45
11h 54,echo,3
11h 54,reversed,7
11h 54,backend_reversed,2
11h 54,denied,55
11h 54,refunded,2
11h 54,approved,349
11h 55,denied,50
11h 55,approved,341
11h 55,backend_reversed,1
11h 55,reversed,2
11h 56,denied,44
11h 56,refunded,3
11h 56,approved,357
11h 57,approved,352
11h 57,denied,40
11h 57,backend_reversed,1
11h 57,reversed,3
11h 58,reversed,2
11h 58,approved,343
11h 58,denied,40
11h 59,reversed,1
11h 59,denied,36
11h 59,approved,341
11h 59,refunded,1
12h 00,reversed,2
12h 00,approved,360
12h 00,denied,42
12h 01,approved,335
12h 01,denied,32
12h 01,reversed,2
12h 02,denied,38
12h 02,reversed,1
12h 02,refunded,1
12h 02,approved,348
12h 03,refunded,2
12h 03,denied,43
12h 03,reversed,7
12h 03,approved,362
12h 04,refunded,1
12h 04,approved,378
12h 04,denied,38
12h 05,denied,54
12h 05,approved,331
12h 05,reversed,2
12h 05,refunded,1
12h 06,denied,48
12h 06,reversed,5
12h 06,approved,333
12h 06,refunded,1
12h 07,denied,37
12h 07,reversed,2
12h 07,approved,332
12h 08,approved,337
12h 08,refunded,2
12h 08,denied,39
12h 08,echo,3
12h 08,reversed,1
12h 09,reversed,4
12h 09,denied,45
12h 09,approved,335
12h 10,denied,36
12h 10,refunded,2
12h 10,approved,315
12h 10,reversed,1
12h 11,denied,50
12h 11,reversed,2
12h 11,approved,348
12h 12,denied,44
12h 12,reversed,1
12h 12,approved,365
12h 13,denied,43
12h 13,refunded,2
12h 13,reversed,1
12h 13,approved,344
12h 14,approved,300
12h 14,reversed,2
12h 14,denied,34
12h 15,denied,37
12h 15,reversed,2
12h 15,approved,305
12h 16,denied,39
12h 16,reversed,3
12h 16,approved,344
12h 17,refunded,2
12h 17,reversed,2
12h 17,approved,324
12h 17,denied,26
12h 18,denied,28
12h 18,approved,293
12h 18,reversed,2
12h 19,reversed,2
12h 19,backend_reversed,1
12h 19,approved,329
12h 19,denied,33
12h 20,approved,311
12h 20,denied,41
12h 20,reversed,2
12h 21,approved,292
12h 21,reversed,3
12h 21,denied,34
12h 21,backend_reversed,1
12h 21,refunded,1
12h 22,echo,3
12h 22,backend_reversed,1
12h 22,approved,281
12h 22,denied,37
12h 22,reversed,2
12h 23,denied,37
12h 23,backend_reversed,1
12h 23,approved,301
12h 23,refunded,1
12h 24,reversed,1
12h 24,approved,330
12h 24,backend_reversed,1
12h 24,denied,44
12h 25,reversed,1
12h 25,refunded,1
12h 25,approved,309
12h 25,denied,26
12h 26,denied,26
12h 26,refunded,2
12h 26,approved,316
12h 27,denied,34
12h 27,approved,305
12h 27,reversed,3
12h 27,refunded,1
12h 28,reversed,1
12h 28,approved,291
12h 28,denied,29
12h 29,backend_reversed,1
12h 29,approved,313
12h 29,reversed,2
12h 29,denied,43
12h 30,approved,316
12h 30,denied,27
12h 30,reversed,2
12h 31,approved,285
12h 31,denied,38
12h 32,approved,308
12h 32,denied,34
12h 32,reversed,1
12h 32,refunded,1
12h 33,backend_reversed,1
12h 33,denied,27
12h 33,approved,288
12h 33,refunded,1
12h 33,reversed,1
12h 34,approved,274
12h 34,reversed,1
12h 34,refunded,1
12h 34,denied,37
12h 35,reversed,2
12h 35,denied,45
12h 35,approved,299
12h 35,backend_reversed,1
12h 36,refunded,1
12h 36,approved,280
12h 36,denied,38
12h 37,denied,35
12h 37,approved,267
12h 37,echo,3
12h 37,reversed,1
12h 38,approved,269
12h 38,denied,31
12h 38,refunded,2
12h 38,reversed,2
12h 39,reversed,1
12h 39,denied,30
12h 39,approved,293
12h 39,refunded,2
12h 40,approved,280
12h 40,refunded,2
12h 40,denied,20
12h 41,approved,274
12h 41,denied,26
12h 41,refunded,1
12h 41,reversed,1
12h 42,approved,296
12h 42,denied,28
12h 42,refunded,1
12h 43,reversed,1
12h 43,denied,36
12h 43,approved,271
12h 44,approved,284
12h 44,denied,34
12h 45,denied,28
12h 45,approved,298
12h 45,refunded,2
12h 45,reversed,1
12h 46,denied,36
12h 46,approved,294
12h 47,approved,254
12h 47,denied,31
12h 48,denied,26
12h 48,refunded,1
12h 48,reversed,1
12h 48,approved,312
12h 49,approved,278
12h 49,denied,28
12h 49,reversed,1
12h 50,approved,242
12h 50,denied,20
12h 50,reversed,2
12h 51,denied,19
12h 51,approved,284
12h 51,refunded,2
12h 52,reversed,1
12h 52,approved,287
12h 52,denied,27
12h 53,approved,289
12h 53,reversed,1
12h 53,denied,22
12h 53,echo,3
12h 54,refunded,1
12h 54,denied,28
12h 54,approved,318
12h 55,approved,287
12h 55,denied,25
12h 56,denied,22
12h 56,reversed,1
12h 56,approved,272
12h 57,reversed,2
12h 57,refunded,3
12h 57,approved,265
12h 57,denied,24
12h 58,denied,35
12h 58,approved,281
12h 58,reversed,1
12h 58,refunded,1
12h 59,approved,264
12h 59,reversed,1
12h 59,denied,31
13h 00,denied,34
13h 00,approved,290
13h 00,reversed,2
13h 01,approved,274
13h 01,denied,24
13h 01,reversed,2
13h 01,refunded,1
13h 02,approved,287
13h 02,refunded,1
13h 02,reversed,1
13h 02,denied,32
13h 03,denied,33
13h 03,approved,257
13h 04,approved,285
13h 04,denied,35
13h 04,backend_reversed,1
13h 05,approved,307
13h 05,denied,35
13h 05,refunded,1
13h 05,reversed,2
13h 06,denied,34
13h 06,reversed,1
13h 06,refunded,4
13h 06,approved,276
13h 07,backend_reversed,1
13h 07,approved,304
13h 07,refunded,3
13h 07,reversed,1
13h 07,denied,40
13h 07,echo,3
13h 08,denied,27
13h 08,backend_reversed,1
13h 08,refunded,1
13h 08,approved,299
13h 09,refunded,2
13h 09,denied,41
13h 09,approved,280
13h 09,reversed,3
13h 10,denied,35
13h 10,reversed,2
13h 10,refunded,2
13h 10,approved,281
13h 10,backend_reversed,1
13h 11,backend_reversed,1
13h 11,approved,278
13h 11,denied,32
13h 11,refunded,1
13h 12,approved,297
13h 12,reversed,1
13h 12,refunded,3
13h 12,backend_reversed,1
13h 12,denied,36
13h 13,denied,46
13h 13,reversed,1
13h 13,approved,270
13h 14,approved,280
13h 14,reversed,1
13h 14,denied,28
13h 14,refunded,2
13h 14,backend_reversed,1
13h 15,approved,298
13h 15,reversed,2
13h 15,denied,34
13h 15,refunded,2
13h 16,denied,38
13h 16,refunded,2
13h 16,reversed,1
13h 16,approved,304
13h 17,approved,272
13h 17,denied,31
13h 18,approved,298
13h 18,denied,35
13h 18,reversed,2
13h 19,denied,26
13h 19,backend_reversed,1
13h 19,approved,288
13h 19,reversed,1
13h 20,reversed,2
13h 20,denied,43
13h 20,backend_reversed,3
13h 20,approved,259
13h 21,refunded,1
13h 21,reversed,1
13h 21,denied,36
13h 21,backend_reversed,4
13h 21,approved,295
13h 22,denied,39
13h 22,approved,286
13h 22,reversed,3
13h 22,backend_reversed,1
13h 22,refunded,2
13h 23,approved,246
13h 23,denied,28
13h 23,echo,3
13h 24,reversed,1
13h 24,approved,302
13h 24,denied,29
13h 25,approved,260
13h 25,denied,34
13h 25,reversed,1
13h 26,approved,290
13h 26,refunded,2
13h 26,denied,39
13h 27,approved,285
13h 27,denied,25
13h 27,reversed,2
13h 28,approved,279
13h 28,reversed,1
13h 28,refunded,1
13h 28,denied,37
13h 29,denied,33
13h 29,refunded,3
13h 29,reversed,1
13h 29,approved,296
13h 30,approved,281
13h 30,denied,25
13h 30,reversed,2
13h 30,refunded,2
13h 31,approved,285
13h 31,denied,33
13h 32,approved,302
13h 32,reversed,1
13h 32,denied,28
13h 32,refunded,1
13h 33,approved,296
13h 33,denied,37
13h 34,reversed,2
13h 34,denied,31
13h 34,refunded,1
13h 34,approved,289
13h 35,refunded,1
13h 35,reversed,2
13h 35,approved,271
13h 35,denied,49
13h 35,backend_reversed,1
13h 36,refunded,1
13h 36,reversed,1
13h 36,denied,28
13h 36,approved,300
13h 37,echo,3
13h 37,reversed,3
13h 37,refunded,1
13h 37,denied,36
13h 37,backend_reversed,1
13h 37,approved,289
13h 38,denied,27
13h 38,approved,258
13h 38,reversed,4
13h 38,refunded,2
13h 39,reversed,1
13h 39,denied,35
13h 39,approved,283
13h 40,reversed,1
13h 40,denied,34
13h 40,approved,307
13h 40,refunded,1
13h 41,approved,290
13h 41,denied,40
13h 42,approved,299
13h 42,backend_reversed,1
13h 42,denied,28
13h 42,refunded,1
13h 43,denied,36
13h 43,approved,266
13h 43,refunded,1
13h 43,failed,1
13h 43,reversed,1
13h 44,denied,36
13h 44,refunded,2
13h 44,approved,286
13h 45,denied,26
13h 45,refunded,2
13h 45,failed,1
13h 45,reversed,1
13h 45,approved,354
13h 45,backend_reversed,1
13h 46,denied,32
13h 46,reversed,1
13h 46,approved,268
13h 47,denied,32
13h 47,reversed,2
13h 47,approved,303
13h 47,refunded,2
13h 48,approved,284
13h 48,denied,36
13h 48,reversed,7
13h 48,failed,1
13h 49,denied,46
13h 49,backend_reversed,1
13h 49,approved,275
13h 50,reversed,1
13h 50,approved,305
13h 50,denied,31
13h 51,refunded,3
13h 51,approved,289
13h 51,denied,35
13h 51,failed,1
13h 52,refunded,1
13h 52,backend_reversed,1
13h 52,approved,290
13h 52,reversed,1
13h 52,denied,39
13h 53,denied,44
13h 53,backend_reversed,2
13h 53,echo,3
13h 53,approved,313
13h 54,denied,34
13h 54,reversed,1
13h 54,approved,291
13h 55,backend_reversed,3
13h 55,denied,43
13h 55,approved,342
13h 55,reversed,2
13h 56,reversed,1
13h 56,approved,281
13h 56,backend_reversed,3
13h 56,denied,27
13h 57,approved,286
13h 57,reversed,1
13h 57,denied,33
13h 58,reversed,3
13h 58,refunded,1
13h 58,approved,310
13h 58,denied,32
13h 59,reversed,2
13h 59,denied,21
13h 59,refunded,1
13h 59,approved,326
13h 59,failed,1
14h 00,backend_reversed,1
14h 00,approved,264
14h 00,denied,32
14h 01,denied,35
14h 01,approved,274
14h 01,refunded,1
14h 01,reversed,2
14h 02,reversed,1
14h 02,denied,34
14h 02,approved,321
14h 03,approved,278
14h 03,failed,1
14h 03,reversed,4
14h 03,refunded,5
14h 03,denied,39
14h 04,denied,32
14h 04,refunded,4
14h 04,reversed,1
14h 04,approved,325
14h 05,approved,301
14h 05,denied,34
14h 05,reversed,3
14h 06,approved,310
14h 06,reversed,1
14h 06,denied,27
14h 07,refunded,1
14h 07,reversed,2
14h 07,denied,44
14h 07,echo,3
14h 07,approved,323
14h 08,denied,40
14h 08,approved,341
14h 08,reversed,1
14h 09,reversed,1
14h 09,refunded,3
14h 09,approved,314
14h 09,denied,37
14h 10,approved,347
14h 10,reversed,2
14h 10,denied,38
14h 11,denied,31
14h 11,refunded,2
14h 11,approved,300
14h 12,approved,294
14h 12,denied,35
14h 12,reversed,2
14h 13,reversed,2
14h 13,approved,326
14h 13,denied,40
14h 14,denied,24
14h 14,refunded,2
14h 14,approved,326
14h 15,approved,320
14h 15,refunded,1
14h 15,reversed,1
14h 15,denied,37
14h 16,approved,287
14h 16,denied,40
14h 17,denied,43
14h 17,approved,322
14h 17,reversed,1
14h 18,approved,313
14h 18,reversed,3
14h 18,denied,37
14h 18,refunded,2
14h 19,refunded,2
14h 19,approved,327
14h 19,denied,27
14h 20,approved,308
14h 20,backend_reversed,1
14h 20,denied,29
14h 20,refunded,1
14h 20,reversed,1
14h 21,approved,329
14h 21,reversed,3
14h 21,refunded,1
14h 21,denied,36
14h 22,denied,36
14h 22,backend_reversed,1
14h 22,reversed,3
14h 22,refunded,1
14h 22,approved,344
14h 23,echo,3
14h 23,approved,313
14h 23,denied,52
14h 23,reversed,1
14h 24,approved,334
14h 24,denied,37
14h 24,refunded,1
14h 25,denied,49
14h 25,reversed,1
14h 25,approved,343
14h 25,refunded,1
14h 26,approved,322
14h 26,reversed,3
14h 26,denied,47
14h 27,denied,36
14h 27,reversed,4
14h 27,refunded,1
14h 27,approved,307
14h 27,backend_reversed,1
14h 28,reversed,2
14h 28,denied,36
14h 28,refunded,1
14h 28,backend_reversed,1
14h 28,approved,363
14h 29,approved,322
14h 29,denied,34
14h 29,reversed,3
14h 29,refunded,3
14h 29,backend_reversed,2
14h 30,refunded,1
14h 30,denied,39
14h 30,reversed,2
14h 30,approved,318
14h 31,denied,39
14h 31,reversed,1
14h 31,approved,362
14h 31,backend_reversed,1
14h 32,backend_reversed,1
14h 32,reversed,3
14h 32,approved,343
14h 32,denied,36
14h 33,reversed,1
14h 33,denied,27
14h 33,approved,323
14h 34,approved,338
14h 34,reversed,1
14h 34,denied,33
14h 35,reversed,1
14h 35,denied,37
14h 35,approved,326
14h 36,approved,360
14h 36,refunded,2
14h 36,denied,41
14h 36,reversed,1
14h 37,approved,348
14h 37,echo,3
14h 37,denied,41
14h 37,reversed,3
14h 38,approved,309
14h 38,denied,47
14h 38,reversed,2
14h 39,denied,49
14h 39,refunded,1
14h 39,approved,362
14h 39,reversed,2
14h 40,denied,45
14h 40,reversed,1
14h 40,refunded,1
14h 40,approved,351
14h 41,reversed,1
14h 41,approved,355
14h 41,denied,43
14h 42,refunded,2
14h 42,denied,43
14h 42,approved,363
14h 42,reversed,4
14h 43,reversed,4
14h 43,approved,350
14h 43,denied,44
14h 43,refunded,1
14h 44,approved,379
14h 44,refunded,1
14h 44,denied,39
14h 44,reversed,4
14h 45,refunded,1
14h 45,reversed,2
14h 45,approved,345
14h 45,denied,39
14h 46,denied,42
14h 46,refunded,2
14h 46,approved,333
14h 47,refunded,1
14h 47,approved,365
14h 47,denied,46
14h 48,reversed,1
14h 48,denied,42
14h 48,approved,352
14h 49,approved,351
14h 49,reversed,1
14h 49,denied,51
14h 50,denied,40
14h 50,reversed,1
14h 50,approved,333
14h 51,approved,351
14h 51,backend_reversed,1
14h 51,reversed,2
14h 51,denied,36
14h 52,denied,44
14h 52,approved,340
14h 52,refunded,2
14h 52,reversed,2
14h 53,refunded,4
14h 53,reversed,1
14h 53,approved,372
14h 53,denied,42
14h 53,echo,3
14h 54,reversed,1
14h 54,approved,339
14h 54,refunded,1
14h 54,denied,47
14h 55,denied,43
14h 55,approved,326
14h 55,reversed,1
14h 55,backend_reversed,1
14h 56,denied,34
14h 56,reversed,3
14h 56,approved,362
14h 57,approved,336
14h 57,reversed,3
14h 57,refunded,2
14h 57,denied,34
14h 58,reversed,3
14h 58,backend_reversed,1
14h 58,denied,46
14h 58,approved,362
14h 58,refunded,1
14h 59,approved,371
14h 59,denied,31
14h 59,reversed,1
14h 59,refunded,1
15h 00,reversed,3
15h 00,denied,42
15h 00,approved,360
15h 01,approved,377
15h 01,denied,31
15h 01,refunded,1
15h 02,refunded,1
15h 02,reversed,2
15h 02,backend_reversed,1
15h 02,approved,379
15h 02,denied,44
15h 03,approved,359
15h 03,reversed,3
15h 03,denied,43
15h 04,denied,42
15h 04,approved,338
15h 05,reversed,5
15h 05,refunded,4
15h 05,approved,364
15h 05,denied,45
15h 06,approved,360
15h 06,denied,52
15h 06,reversed,4
15h 07,approved,338
15h 07,refunded,1
15h 07,denied,53
15h 07,reversed,2
15h 08,backend_reversed,2
15h 08,denied,46
15h 08,approved,376
15h 08,echo,3
15h 08,reversed,2
15h 09,refunded,1
15h 09,approved,361
15h 09,denied,37
15h 09,reversed,2
15h 10,approved,357
15h 10,reversed,2
15h 10,denied,35
15h 11,refunded,1
15h 11,approved,387
15h 11,denied,46
15h 12,reversed,1
15h 12,refunded,1
15h 12,approved,377
15h 12,denied,37
15h 13,reversed,1
15h 13,approved,347
15h 13,denied,56
15h 13,refunded,2
15h 14,processing,2
15h 14,denied,35
15h 14,backend_reversed,1
15h 14,approved,302
15h 14,reversed,10
15h 14,refunded,2
15h 15,reversed,3
15h 15,refunded,2
15h 15,approved,447
15h 15,denied,31
15h 16,reversed,5
15h 16,denied,34
15h 16,approved,418
15h 17,approved,389
15h 17,denied,46
15h 17,reversed,5
15h 18,denied,38
15h 18,refunded,2
15h 18,approved,384
15h 19,denied,39
15h 19,approved,388
15h 19,refunded,2
15h 20,reversed,2
15h 20,denied,40
15h 20,refunded,2
15h 20,approved,372
15h 21,denied,51
15h 21,approved,383
15h 21,refunded,2
15h 22,approved,390
15h 22,refunded,1
15h 22,backend_reversed,1
15h 22,reversed,4
15h 22,denied,48
15h 23,denied,50
15h 23,refunded,2
15h 23,approved,390
15h 23,reversed,3
15h 23,echo,3
15h 24,approved,400
15h 24,reversed,2
15h 24,denied,39
15h 25,refunded,3
15h 25,denied,44
15h 25,approved,400
15h 26,denied,41
15h 26,refunded,1
15h 26,reversed,2
15h 26,backend_reversed,1
15h 26,approved,383
15h 26,echo,3
15h 27,denied,57
15h 27,backend_reversed,1
15h 27,approved,401
15h 28,reversed,4
15h 28,denied,37
15h 28,refunded,1
15h 28,approved,384
15h 28,backend_reversed,2
15h 29,reversed,2
15h 29,approved,394
15h 29,denied,47
15h 30,reversed,3
15h 30,denied,48
15h 30,approved,386
15h 31,approved,377
15h 31,reversed,2
15h 31,denied,34
15h 32,denied,40
15h 32,reversed,1
15h 32,refunded,1
15h 32,approved,373
15h 33,refunded,1
15h 33,reversed,2
15h 33,backend_reversed,1
15h 33,denied,44
15h 33,approved,388
15h 34,denied,55
15h 34,backend_reversed,2
15h 34,refunded,1
15h 34,approved,367
15h 34,reversed,4
15h 35,denied,62
15h 35,approved,377
15h 35,refunded,1
15h 35,backend_reversed,1
15h 36,refunded,2
15h 36,approved,396
15h 36,denied,61
15h 37,denied,38
15h 37,refunded,1
15h 37,approved,397
15h 37,reversed,1
15h 38,approved,435
15h 38,refunded,2
15h 38,reversed,4
15h 38,denied,49
15h 39,denied,46
15h 39,approved,418
15h 40,reversed,1
15h 40,refunded,1
15h 40,denied,46
15h 40,approved,367
15h 41,denied,44
15h 41,echo,3
15h 41,refunded,3
15h 41,approved,355
15h 42,reversed,2
15h 42,denied,40
15h 42,backend_reversed,1
15h 42,approved,394
15h 43,refunded,1
15h 43,denied,50
15h 43,approved,443
15h 44,refunded,1
15h 44,reversed,2
15h 44,denied,40
15h 44,backend_reversed,1
15h 44,approved,413
15h 45,approved,436
15h 45,denied,42
15h 45,reversed,2
15h 46,refunded,3
15h 46,denied,30
15h 46,backend_reversed,1
15h 46,reversed,4
15h 46,approved,409
15h 47,denied,46
15h 47,backend_reversed,1
15h 47,approved,391
15h 47,reversed,1
15h 48,denied,52
15h 48,reversed,3
15h 48,refunded,3
15h 48,approved,429
15h 49,reversed,3
15h 49,denied,49
15h 49,refunded,1
15h 49,approved,433
15h 50,approved,414
15h 50,denied,53
15h 50,refunded,1
15h 50,reversed,2
15h 51,approved,385
15h 51,reversed,2
15h 51,denied,52
15h 51,refunded,2
15h 52,approved,416
15h 52,denied,41
15h 53,reversed,1
15h 53,approved,358
15h 53,denied,47
15h 54,approved,375
15h 54,reversed,2
15h 54,denied,38
15h 55,refunded,1
15h 55,denied,52
15h 55,approved,408
15h 55,reversed,2
15h 56,denied,63
15h 56,refunded,1
15h 56,reversed,5
15h 56,approved,404
15h 57,refunded,2
15h 57,denied,50
15h 57,approved,427
15h 57,echo,3
15h 58,denied,44
15h 58,approved,400
15h 58,reversed,1
15h 59,denied,48
15h 59,approved,401
15h 59,reversed,2
15h 59,refunded,3
16h 00,reversed,3
16h 00,refunded,1
16h 00,approved,379
16h 00,denied,47
16h 01,approved,414
16h 01,reversed,5
16h 01,denied,42
16h 01,refunded,3
16h 02,approved,390
16h 02,reversed,1
16h 02,refunded,3
16h 02,denied,47
16h 03,denied,41
16h 03,approved,397
16h 03,refunded,2
16h 03,reversed,2
16h 04,refunded,1
16h 04,approved,413
16h 04,reversed,2
16h 04,denied,41
16h 04,backend_reversed,3
16h 05,reversed,3
16h 05,refunded,3
16h 05,denied,44
16h 05,approved,411
16h 06,reversed,2
16h 06,approved,459
16h 06,denied,53
16h 06,refunded,1
16h 07,denied,44
16h 07,approved,427
16h 08,approved,417
16h 08,denied,40
16h 08,reversed,3
16h 09,denied,44
16h 09,approved,398
16h 09,refunded,1
16h 09,reversed,3
16h 10,refunded,1
16h 10,approved,438
16h 10,denied,45
16h 10,reversed,4
16h 11,denied,48
16h 11,approved,452
16h 11,reversed,4
16h 12,approved,425
16h 12,echo,3
16h 12,reversed,5
16h 12,refunded,1
16h 12,denied,50
16h 13,reversed,1
16h 13,denied,45
16h 13,refunded,1
16h 13,backend_reversed,1
16h 13,approved,416
16h 14,denied,41
16h 14,reversed,3
16h 14,refunded,1
16h 14,approved,428
16h 15,refunded,1
16h 15,approved,431
16h 15,reversed,4
16h 15,denied,36
16h 16,refunded,2
16h 16,approved,455
16h 16,denied,53
16h 17,reversed,2
16h 17,denied,36
16h 17,approved,437
16h 18,approved,422
16h 18,refunded,1
16h 18,denied,48
16h 18,reversed,3
16h 19,approved,436
16h 19,refunded,2
16h 19,reversed,4
16h 19,denied,36
16h 20,reversed,3
16h 20,denied,44
16h 20,refunded,1
16h 20,backend_reversed,1
16h 20,approved,436
16h 21,approved,454
16h 21,denied,42
16h 22,approved,428
16h 22,backend_reversed,1
16h 22,denied,41
16h 22,failed,1
16h 23,approved,421
16h 23,refunded,1
16h 23,backend_reversed,1
16h 23,reversed,7
16h 23,denied,41
16h 24,reversed,7
16h 24,denied,42
16h 24,refunded,3
16h 24,approved,426
16h 25,approved,492
16h 25,denied,38
16h 25,backend_reversed,1
16h 25,reversed,5
16h 26,echo,3
16h 26,approved,385
16h 26,denied,40
16h 26,reversed,4
16h 27,approved,429
16h 27,reversed,2
16h 27,denied,49
16h 28,reversed,4
16h 28,approved,449
16h 28,denied,46
16h 29,approved,443
16h 29,backend_reversed,1
16h 29,denied,51
16h 29,reversed,2
16h 30,approved,442
16h 30,denied,45
16h 30,reversed,1
16h 30,refunded,3
16h 31,denied,39
16h 31,refunded,1
16h 31,backend_reversed,1
16h 31,approved,447
16h 31,reversed,2
16h 32,denied,44
16h 32,refunded,1
16h 32,backend_reversed,2
16h 32,approved,452
16h 33,approved,442
16h 33,reversed,1
16h 33,backend_reversed,1
16h 33,denied,48
16h 34,approved,431
16h 34,reversed,3
16h 34,denied,59
16h 35,approved,428
16h 35,reversed,4
16h 35,denied,50
16h 35,refunded,1
16h 36,reversed,5
16h 36,approved,419
16h 36,denied,41
16h 37,approved,400
16h 37,denied,46
16h 37,reversed,2
16h 37,refunded,1
16h 38,approved,455
16h 38,reversed,2
16h 38,refunded,1
16h 38,denied,49
16h 39,reversed,2
16h 39,denied,60
16h 39,approved,429
16h 39,refunded,1
16h 40,refunded,2
16h 40,approved,438
16h 40,denied,52
16h 40,reversed,1
16h 41,echo,3
16h 41,denied,39
16h 41,refunded,1
16h 41,reversed,2
16h 41,approved,465
16h 42,reversed,3
16h 42,denied,50
16h 42,approved,454
16h 42,refunded,1
16h 43,reversed,3
16h 43,approved,436
16h 43,denied,40
16h 44,reversed,2
16h 44,approved,416
16h 44,denied,42
16h 44,refunded,2
16h 45,approved,438
16h 45,denied,39
16h 45,reversed,2
16h 46,approved,470
16h 46,reversed,2
16h 46,refunded,1
16h 46,denied,50
16h 47,reversed,3
16h 47,refunded,3
16h 47,denied,49
16h 47,approved,446
16h 48,reversed,1
16h 48,denied,62
16h 48,refunded,2
16h 48,approved,424
16h 49,refunded,1
16h 49,approved,452
16h 49,denied,56
16h 49,reversed,3
16h 50,approved,454
16h 50,backend_reversed,2
16h 50,reversed,2
16h 50,denied,41
16h 51,approved,475
16h 51,denied,52
16h 51,refunded,4
16h 51,reversed,1
16h 51,backend_reversed,1
16h 52,reversed,2
16h 52,approved,430
16h 52,denied,29
16h 52,backend_reversed,1
16h 53,backend_reversed,1
16h 53,reversed,2
16h 53,denied,36
16h 53,approved,466
16h 54,approved,419
16h 54,reversed,4
16h 54,denied,51
16h 54,backend_reversed,1
16h 55,approved,492
16h 55,backend_reversed,1
16h 55,reversed,3
16h 55,denied,65
16h 56,echo,3
16h 56,denied,47
16h 56,reversed,2
16h 56,approved,482
16h 57,reversed,8
16h 57,denied,52
16h 57,approved,473
16h 58,approved,477
16h 58,denied,48
16h 58,backend_reversed,1
16h 58,reversed,3
16h 59,backend_reversed,2
16h 59,approved,481
16h 59,denied,43
17h 00,approved,457
17h 00,refunded,1
17h 00,denied,62
17h 00,reversed,6
17h 01,denied,48
17h 01,approved,463
17h 01,refunded,1
17h 01,reversed,4
17h 01,backend_reversed,1
17h 02,denied,59
17h 02,approved,464
17h 02,refunded,2
17h 02,reversed,4
17h 03,approved,480
17h 03,denied,56
17h 03,reversed,4
17h 04,denied,47
17h 04,refunded,1
17h 04,approved,508
17h 04,reversed,1
17h 05,denied,40
17h 05,reversed,3
17h 05,failed,1
17h 05,approved,510
17h 06,approved,485
17h 06,denied,39
17h 06,reversed,6
17h 06,refunded,2
17h 07,refunded,2
17h 07,approved,494
17h 07,denied,51
17h 07,backend_reversed,1
17h 07,reversed,3
17h 08,approved,519
17h 08,reversed,6
17h 08,denied,38
17h 08,refunded,1
17h 09,denied,50
17h 09,refunded,2
17h 09,approved,483
17h 09,reversed,3
17h 10,approved,461
17h 10,reversed,1
17h 10,denied,52
17h 11,denied,40
17h 11,approved,467
17h 11,reversed,6
17h 11,refunded,1
17h 12,backend_reversed,1
17h 12,approved,544
17h 12,refunded,1
17h 12,echo,3
17h 12,reversed,3
17h 12,denied,48
17h 13,approved,497
17h 13,refunded,2
17h 13,reversed,2
17h 13,denied,49
17h 14,approved,498
17h 14,denied,53
17h 14,refunded,2
17h 14,reversed,5
17h 15,reversed,2
17h 15,approved,476
17h 15,denied,47
17h 15,backend_reversed,2
17h 16,denied,48
17h 16,approved,537
17h 16,backend_reversed,1
17h 17,denied,58
17h 17,reversed,6
17h 17,refunded,1
17h 17,approved,530
17h 18,approved,510
17h 18,denied,45
17h 18,reversed,1
17h 18,refunded,1
17h 19,reversed,3
17h 19,refunded,1
17h 19,approved,522
17h 19,backend_reversed,1
17h 19,denied,52
17h 20,refunded,5
17h 20,approved,472
17h 20,denied,57
17h 20,reversed,2
17h 21,refunded,1
17h 21,approved,485
17h 21,reversed,2
17h 21,denied,54
17h 22,approved,504
17h 22,denied,51
17h 22,reversed,3
17h 23,reversed,3
17h 23,refunded,1
17h 23,denied,59
17h 23,approved,511
17h 24,denied,53
17h 24,reversed,3
17h 24,approved,504
17h 25,denied,50
17h 25,reversed,1
17h 25,approved,516
17h 25,refunded,3
17h 26,reversed,6
17h 26,denied,56
17h 26,refunded,3
17h 26,echo,3
17h 26,approved,466
17h 27,approved,474
17h 27,denied,49
17h 28,approved,470
17h 28,refunded,1
17h 28,backend_reversed,1
17h 28,denied,59
17h 29,denied,47
17h 29,approved,538
17h 29,refunded,2
17h 29,reversed,3
17h 30,reversed,3
17h 30,denied,46
17h 30,refunded,2
17h 30,approved,492
17h 30,backend_reversed,1
17h 31,refunded,1
17h 31,approved,435
17h 31,denied,51
17h 31,reversed,2
17h 32,reversed,1
17h 32,denied,60
17h 32,approved,486
17h 33,reversed,3
17h 33,approved,535
17h 33,refunded,2
17h 33,denied,52
17h 34,backend_reversed,1
17h 34,approved,486
17h 34,denied,57
17h 34,refunded,1
17h 35,approved,497
17h 35,denied,61
17h 35,reversed,2
17h 35,refunded,2
17h 36,reversed,6
17h 36,approved,525
17h 36,denied,41
17h 37,approved,541
17h 37,reversed,2
17h 37,refunded,1
17h 37,denied,64
17h 38,reversed,1
17h 38,approved,485
17h 38,refunded,1
17h 38,backend_reversed,1
17h 38,denied,43
17h 39,denied,57
17h 39,approved,484
17h 39,reversed,3
17h 39,refunded,3
17h 40,approved,465
17h 40,reversed,3
17h 40,denied,64
17h 40,refunded,1
17h 41,denied,57
17h 41,echo,3
17h 41,reversed,4
17h 41,approved,492
17h 41,refunded,3
17h 42,reversed,2
17h 42,approved,511
17h 42,denied,52
17h 43,approved,554
17h 43,refunded,1
17h 43,denied,61
17h 44,denied,47
17h 44,refunded,1
17h 44,approved,466
17h 44,reversed,5
17h 45,reversed,1
17h 45,refunded,2
17h 45,approved,503
17h 45,denied,47
17h 46,refunded,1
17h 46,approved,481
17h 46,denied,55
17h 46,reversed,2
17h 47,approved,476
17h 47,denied,45
17h 47,refunded,1
17h 47,reversed,1
17h 48,approved,495
17h 48,denied,55
17h 48,reversed,2
17h 48,refunded,2
17h 49,denied,57
17h 49,reversed,1
17h 49,approved,478
17h 50,approved,477
17h 50,denied,49
17h 50,reversed,1
17h 51,refunded,1
17h 51,denied,52
17h 51,reversed,4
17h 51,approved,473
17h 52,approved,483
17h 52,denied,60
17h 53,refunded,1
17h 53,denied,53
17h 53,approved,470
17h 54,refunded,1
17h 54,reversed,2
17h 54,approved,469
17h 54,denied,41
17h 54,backend_reversed,2
17h 55,reversed,7
17h 55,backend_reversed,1
17h 55,approved,450
17h 55,denied,46
17h 56,refunded,1
17h 56,approved,458
17h 56,denied,43
17h 56,reversed,1
17h 56,echo,3
17h 57,reversed,2
17h 57,denied,42
17h 57,approved,464
17h 57,refunded,2
17h 58,approved,466
17h 58,reversed,1
17h 58,denied,61
17h 58,refunded,2
17h 59,reversed,1
17h 59,denied,58
17h 59,approved,486
17h 59,backend_reversed,1
18h 00,approved,428
18h 00,denied,41
18h 00,reversed,1
18h 01,approved,421
18h 01,backend_reversed,1
18h 01,denied,50
18h 01,reversed,1
18h 01,refunded,1
18h 02,approved,449
18h 02,echo,2
18h 02,denied,38
18h 02,reversed,3
18h 03,denied,42
18h 03,approved,408
18h 03,echo,1
18h 03,refunded,1
18h 03,reversed,2
18h 04,reversed,3
18h 04,denied,35
18h 04,refunded,1
18h 04,approved,395
18h 05,refunded,2
18h 05,reversed,1
18h 05,denied,29
18h 05,approved,424
18h 06,approved,402
18h 06,denied,28
18h 06,reversed,3
18h 07,denied,34
18h 07,reversed,3
18h 07,refunded,1
18h 07,approved,390
18h 08,approved,413
18h 08,refunded,1
18h 08,denied,42
18h 08,reversed,1
18h 09,reversed,1
18h 09,approved,355
18h 09,denied,41
18h 10,denied,31
18h 10,reversed,4
18h 10,approved,388
18h 11,reversed,5
18h 11,approved,353
18h 11,denied,39
18h 11,refunded,1
18h 12,approved,364
18h 12,denied,47
18h 12,reversed,3
18h 13,reversed,1
18h 13,denied,37
18h 13,approved,395
18h 14,approved,342
18h 14,denied,49
18h 14,refunded,2
18h 14,reversed,4
18h 15,approved,362
18h 15,denied,45
18h 15,reversed,2
18h 16,approved,319
18h 16,denied,40
18h 16,reversed,3
18h 17,refunded,2
18h 17,reversed,2
18h 17,denied,27
18h 17,approved,335
18h 17,echo,3
18h 18,approved,331
18h 18,backend_reversed,1
18h 18,denied,30
18h 19,approved,367
18h 19,refunded,1
18h 19,denied,38
18h 20,denied,43
18h 20,reversed,2
18h 20,refunded,1
18h 20,backend_reversed,1
18h 20,approved,323
18h 21,refunded,1
18h 21,denied,45
18h 21,backend_reversed,1
18h 21,approved,335
18h 22,reversed,2
18h 22,refunded,1
18h 22,approved,370
18h 22,denied,41
18h 23,reversed,7
18h 23,denied,41
18h 23,approved,344
18h 24,approved,330
18h 24,denied,44
18h 24,reversed,2
18h 25,approved,340
18h 25,backend_reversed,1
18h 25,reversed,3
18h 25,denied,45
18h 26,approved,328
18h 26,reversed,1
18h 26,denied,48
18h 26,refunded,2
18h 27,denied,39
18h 27,refunded,3
18h 27,approved,325
18h 27,reversed,2
18h 28,reversed,1
18h 28,approved,301
18h 28,denied,43
18h 29,approved,328
18h 29,refunded,1
18h 29,reversed,3
18h 29,denied,46
18h 30,denied,37
18h 30,approved,298
18h 30,reversed,2
18h 31,approved,314
18h 31,denied,45
18h 31,refunded,1
18h 32,refunded,1
18h 32,denied,36
18h 32,approved,279
18h 33,echo,3
18h 33,denied,52
18h 33,approved,315
18h 34,refunded,1
18h 34,reversed,2
18h 34,denied,38
18h 34,approved,330
18h 35,reversed,2
18h 35,refunded,2
18h 35,denied,37
18h 35,approved,292
18h 36,denied,31
18h 36,reversed,1
18h 36,approved,288
18h 37,refunded,1
18h 37,reversed,1
18h 37,approved,309
18h 37,denied,37
18h 38,denied,20
18h 38,approved,312
18h 38,reversed,3
18h 38,refunded,1
18h 39,reversed,1
18h 39,approved,290
18h 39,denied,21
18h 40,denied,34
18h 40,approved,273
18h 40,reversed,1
18h 41,denied,24
18h 41,backend_reversed,1
18h 41,reversed,3
18h 41,approved,287
18h 42,denied,27
18h 42,reversed,3
18h 42,approved,243
18h 43,approved,279
18h 43,backend_reversed,1
18h 43,reversed,1
18h 43,denied,27
18h 44,reversed,1
18h 44,denied,32
18h 44,approved,265
18h 44,refunded,1
18h 45,reversed,1
18h 45,denied,27
18h 45,approved,277
18h 45,backend_reversed,2
18h 46,approved,303
18h 46,denied,31
18h 46,reversed,2
18h 47,reversed,1
18h 47,approved,244
18h 47,refunded,1
18h 47,denied,27
18h 48,approved,271
18h 48,denied,32
18h 48,echo,3
18h 49,refunded,2
18h 49,approved,282
18h 49,denied,29
18h 50,denied,35
18h 50,approved,245
18h 50,refunded,1
18h 51,approved,265
18h 51,refunded,1
18h 51,denied,34
18h 52,denied,41
18h 52,approved,255
18h 52,reversed,1
18h 53,denied,28
18h 53,reversed,1
18h 53,approved,263
18h 53,refunded,1
18h 54,denied,29
18h 54,approved,240
18h 55,approved,253
18h 55,refunded,1
18h 55,denied,28
18h 55,reversed,1
18h 56,denied,35
18h 56,approved,281
18h 56,reversed,2
18h 57,reversed,2
18h 57,approved,251
18h 57,denied,31
18h 58,denied,23
18h 58,reversed,1
18h 58,approved,232
18h 59,denied,38
18h 59,reversed,2
18h 59,refunded,1
18h 59,approved,239